month,n,revenue,mean,median,p90
2025-12,4,45.635,15.211666666666666,12.5,22.5
,1,97.74999999999999,97.74999999999999,97.74999999999999,97.74999999999999
